10-Hydroxydecanoic Acid,3,
Acacia farnesiana extract,4,
Acacia senegal,3,
acai,2,
acerola fruit extract,3,
acetic acid,4,
acetone,4,solvent folosit mai ales in solutiile pentru indepartarea lacului de unghii (asa cum stie toata lumea) si de asemenea in lotiunile tonice; poate irita si usca pielea (in functie de concentratia in care e prezent)
acetyl carnitine HCL,2,
acetyl glucosamine,2,
acetyl glyceryl ricinoleate,3,
acetyl hexapeptide-8,3,
acetyl octapeptide-3,3,
acetyl tributyl citrate,1,
acetyl tyrosine,3,
acetylated castor oil,3,
acetylated hydrogenated cottonseed glyceride,3,
acetylated lanolin,3,
acetylated lanolin alcohol,3,alcool care nu usuca pielea ci dimpotriva o catifeleaza; este de asemenea antiiritant si antialergic dar poate bloca porii mai ales la persoanele predispuse si poate provoca astfel eruptii de puncte negre si alte imperfectiuni
acetylated palm kernel glycerides,3,
Achillea millefolium,4,
acid,1,
acne soap,4,
acrylate,3,
acrylates copolymer,3,ingredient folosit pentru diminuarea excesului de sebum
acrylates/C10-30 alkyl acrylate crosspolymer,3,
acrylates/dimethicone copolymer,3,
acrylates/steareth-20 methacrylate copolymer,3,
Actaea racemosa,1,
active ingredient,3,
adapalene,2,
adenosine,2,
adenosine triphosphate,2,
adipic acid/neopentyl glycol/trimellitic anhydride copolymer,3,
advanced glycation endproduct,4,
Aerocarpus santalinus,4,
Aesculus hippocastanum,3,
agar,3,
AGE,4,
Agrimonia eupatoria leaf extract,1,
AHA,2,grup de substante active extrase in general din acizi de fructe (acidul citric extras din lamai; acidul glicolic extras din sfecla de zahar; acidul lactic extras din lapte; acidul malic extras din mere) care ajuta la exfolierea pielii in concentratii mari (peste 6-8 %) si la hidratarea ei in concentratii mai mici; de asemenea favorizeaza patrunderea in piele a altor ingrediente; sunt foarte folositi in produsele depigmentante antirid si antiacneice dar pot fi iritanti pentru piele si sunt fotosensibilizanti (cresc sensibilitatea pielii fata de radiatiile solare)
Ahnfeltia concinna extract,3,
ahnfeltia extract,3,
alanine,3,
Alaria esculenta,3,
albumin,4,
alcloxa,4,
alcohol,1,alcool cosmetic purificat care se evaporeaza instantaneu lasand substantele active sa patrunda in piele; poate avea si proprietati antibacteriene si este mai putin iritant decat alcoolul etilic (ethyl alcohol)
Aleurites moluccana seed oil,2,
alfalfa extract,2,
algae,3,substanta emolienta cu presupuse proprietati antioxidante;
algae extract,3,substanta emolienta cu presupuse proprietati antioxidante;
algin,3,
aliphatic hydrocarbon,3,
alkaline,4,
alkyloamides,1,
allantoin,2,
allyl methacrylates crosspolymer,3,
almond oil,2,
Aloe barbadensis,3,
aloe barbadensis leaf juice extract,3,
aloe barbadensis leaf juice powder,3,
aloe extract,3,
aloe juice,3,
aloe vera,3,
alpha bisabolol,2,
alpha glucan oligosaccharide,2,
alpha hydroxy acid,2,
alpha isomethyl ionone,4,
alpha lipoic acid,2,substanta antioxidanta
alpha-tocopherol,2,
Alteromonas ferment extract,3,
Althaea rosea,3,
Althea officinalis,2,
alumina,3,
aluminum,3,
Aluminum hydroxide,3,
aluminum magnesium silicate,3,
aluminum powder,3,
aluminum silicate,3,
aluminum starch octenylsuccinate,3,
aluminum stearate,3,
aluminum sulfate,4,
amino acid,2,
aminobutyric acid,1,
aminomethyl propanediol,3,
aminomethyl propanol,3,
ammonium acryloyldimethyltaurate/VP copolymer,3,
ammonium chloride,4,
ammonium glycolate,2,
ammonium hydroxide,1,
ammonium laureth sulfate,3,
ammonium lauryl sulfate,3,
amodimethicone,3,
amygdalic acid,3,
amyl cinnamate,4,
amyl salicylate,4,
amyris oil,4,
Anacyclus pyrethrum,4,
Anacystis nidulans extract,3,
Ananas sativus fruit extract,3,
andiroba oil,3,
Anethum graveolens,1,
Angelica archangelica root oil,4,
Angelica polymorpha sinensis root extract,4,
anisaldehyde,4,
anise,4,
annato extract,3,
Anthemis nobilis flower extract,2,
anthocyanin,2,
antioxidant,2,
apple fruit extract,2,
apricot kernel,1,
apricot kernel oil,2,
arachidic acid,3,
arachidyl alcohol,3,
arachidyl glucoside,3,
arachidyl propionate,3,
Arachis hypogaea extract,2,
arbutin,2,
Arctium lappa,2,
Arctostaphylos uva ursi leaf,2,
argan oil,2,
Argania spinosa,2,
arginine,3,
Argireline,1,
arnica extract,4,
aroma/flavor,1,
arrowroot,1,
artemia extract,3,
Artemisia absinthium extract,1,
Artemisia vulgaris,1,
Ascophyllum nodosum,3,
ascorbic acid,2,vitamina C este folosita in cosmetica drept antioxidant si in concentratii mari ajuta la regenerarea pielii la corectarea petelor pigmentare si la sinteza colagenului;
ascorbyl glucosamine,2,
ascorbyl glucoside,2,
ascorbyl methylsilanol pectinate,2,
ascorbyl palmitate,2,substanta conservanta si antioxidanta
asparagine,3,
Asparagopsis armata extract,3,
aspartic acid,3,
astaxanthin,2,
astaxanthin extract,2,
Astragalus membranaceus,2,
Astragalus sinicus,3,
Astrocaryum murumuru seed butter,3,
ATP,2,
Atractyloydes lancea root extract,1,
Avena sativa,2,
avobenzone,2,
avocado oil,2,
awapuhi,4,
Azadirachta indica,4,
azelaic acid,2,
Azelex,2,
azuki beans,1,
azulene,1,
babassu oil,3,
bakuchiol,3,
balm mint extract,4,
balsam peru,4,
Bambusa vulgaris (bamboo) leaf/stem extract,2,
banana extract,1,
barberry,2,
barium sulfate,4,
barley extract,1,
batyl alcohol,3,
bay leaf oil,4,
bearberry extract,3,
bee pollen,4,
beeswax,3,ceara care hraneste pielea si actioneaza ca o bariera in calea factorilor nocivi din mediu;
beet root extract,3,
behenic acid,3,
behentrimonium chloride,3,
behenyl alcohol,3,
Bellis perennis,4,
bentonite,3,
benzalkonium chloride,1,
benzephenone-3,3,
benzoic acid,3,
benzoin extract,4,
benzophenone,3,
benzothonium chloride,3,
benzoyl peroxide,2,substanta activa antibacteriana folosita in produsele antiacneice; poate usca si irita pielea;
benzyl alcohol,3,
benzyl salicylate,4,
Berberis aristata,2,
bergamot oil,4,
Bertholletia excelsa extract,3,
beta hydroxy acid,2,
Beta vulgaris root extract,3,
beta-carotene,3,
beta-glucan,2,
beta-sitosterol,2,
betaine salicylate,3,
Betula alba,3,
BHA (beta hydroxy acid),2, acid salicilic: este folosit pentru exfolierea pielii si in tratamentul acneei si al punctelor negre;
BHT,1,
bilberry extract,3,
bioflavonoid,2,
biotin,3,
birch bark extract,3,
birch leaf extract,3,
bis-diglyceryl polyacyladipate,3,
bis-PEG-18 methyl ether dimethyl silane,3,
bis-phenylpropyl dimethicone,3,
bisabolol,2,
bismuth oxychloride,1,
bitter orange flower,4,
black cohosh,1,
black currant oil,2,
black elderberry,3,
black locust extract,4,
black mulberry,3,
black pepper extract and oil,4,
black raspberry,2,
black tea,2,
blackberry,2,
bladderwrack extract,2,
bloodwort,4,
blue 1,3,
blue 1 lake,3,
Boerhavia diffusa root extract,2,
bois de rose oil,4,
bois oil,4,
borage seed extract,2,
borage seed oil,2,
Borago officinalis extract,2,
Borago officinalis seed oil,2,
borate,4,
borax,4,
boric acid,3,acid conservant si antiseptic dar potential iritant;
boron nitride,3,
Boswellia carterii,4,
Boswellia serrata extract,1,
botanicals,1,
boysenberry,2,
Brassica campestris,2,
Brazil nut extract,3,
broad spectrum,3,
bromelain,3,
bronopol,4,
bronze powder,3,
Buddleja davidii extract,2,
bumetrizole,3,
Bupleurum falcatum extract,1,
burdock root,2,
butyl acetate,3,
butyl methoxydibenzoylmethane,2,
butylene glycol,3,
butylparaben,3,conservanti foarte utilizati in industria cosmetica;
butylphenyl methylpropional,4,
Butyrospermum fruit,2,
Butyrospermum parkii,2,
Buxus chinensis,2,
C10-30 cholesterol/lanosterol esters,2,
C12-15 alkyl benzoate,3,
c12-20 acid peg-8 ester,3,Emulgator care poate imbunatati proprietatile de legare si de stabilitate a apei intr-o solutie cosmetica. Fiind un compus neionic nu este considerat toxic si este sigur atunci cand este aplicat pe piele.
C12-18 acid triglyceride,3,
C13-14 isoparaffin,3,
C18-36 acid triglyceride,3,
C20-40 pareth-40,3,
caffeic acid,2,
caffeine,3,
cajeputi oil,4,
calamine,4,
calcium ascorbate,2,
calcium carbonate,3,
calcium d-pantetheine-s-sulfonate,3,
calcium gluconate,3,
calcium pantothenate,3,
calendula extract,3,
Calendula officinalis flower extract,3,
Calluna vulgaris flower extract,2,
Calophyllum inophyllum seed oil,3,
Camellia japonica,2,
Camellia oleifera,2,
Camellia sinensis,2,
camphor,4,substanta astringenta folosita impotriva iritatiilor;
cananga extract,4,
Cananga odorata,4,
candelilla wax,3,
Cannabis sativa L. oil,3,
canola oil,2,
Caprooyl Tetrapeptide-3,2,
caprylic/capric triglyceride,2,
caprylyl glycol,3,
caprylyl methicone,3,
capsaicin,4,
capsicum,4,
capsicum oleoresin,4,
caramel,3,
carbomer,3,substante stabilizante si texturizante
carbopol,3,
carboxylic acid,2,
cardamom,4,
carmine,3,igment rosu potential iritant
carnauba wax,3,
carnitine,2,
carnosic acid,2,
carnosine,2,
carnosol acid,2,
carrageenan,3,
carrot oil,2,
Carthamus tinctorius oil,2,
carvone,4,
Carya illinoensis oil,3,
casein,3,
Castanea sativa seed extract,3,
castor isostearate succinate,3,
castor oil,3,
catalase,2,
Caulerpa taxifolia extract,3,
cedarwood,4,
Cedrus atlantica bark extract,4,
cellulose,3,
Cellulose gum,3,
Centaurea cyanus,2,
Centella asiatica,2,
cephalin,2,
Cera alba,3,
cera microcristallina,3,
ceramide AP,2,
ceramide EOP,2,
ceramide NP,2,
ceramide NS,2,
ceramides,2,substante hidratante
ceresin,3,
ceteareth-20,3,alcool folosit pentru catifelarea pielii;
cetearyl alcohol,3,alcool folosit pentru catifelarea pielii;
cetearyl ethylhexanoate,3,
cetearyl glucoside,3,
cetearyl octanoate,3,
cetyl acetate,3,
cetyl alcohol,3,alcool folosit pentru catifelarea pielii;
cetyl dimethicone,3,
cetyl dimethicone copolyol,3,
cetyl esters,3,
cetyl hydroxyethylcellulose,3,
cetyl palmitate,3,
cetyl PEG/PPG-10/1-dimethicone,3,
chamomile,2,
Chamomilla recutita flower extract ,2,
charcoal,3,
chelating agent,3,
cherry extract,1,
China clay,3,
chitosan,2,
chlorella,3,
chlorophene,3,
chloroxylenol,3,
chlorphenesin,3,
cholecalciferol,3,
cholesterol,2,
choline,2,
chondroitin sulfate,2,
Chondrus crispus,3,
chromium hydroxide green,3,
chromium oxide green,3,
chrysanthemum extract,1,
Chrysanthemum parthenium extract,1,
Cichorium intybus,3,
Cimicifuga racemosa root extract,1,
Cinnamomum,4,
Cinnamomum camphora,4,
cinnamon,4,
cinnamyl alcohol,4,
citric acid,3,
citronellol,4,
Citrullus colocynthis,4,
Citrus amara,4,
Citrus aurantifolia,4,
Citrus aurantium,4,
Citrus aurantium extract,4,
Citrus medica limonium,4,
Citrus unshiu,1,
Citrus unshiu peel extract,1,
clary oil,4,
clay,3,
clove leaf,4,
clove oil,4,
clover blossom,4,
clover leaf oil,4,
cocamide DEA and MEA,1,
cocamidopropyl betaine,3,
cocamidopropyl dimethylamine,3,
cocamidopropyl hydroxysultaine,3,
coco-glucoside,3,
cocoa butter,2,
cocoa extract,2,
cocoglycerides,3,
coconut,3,
coconut oil,2,
Cocus nucifera,2,
Codium tomentosum extract,3,
coenzyme Q10,2,
Coffea arabica (coffee) seed oil,2,
Coffea arabica extract,2,
Cola acuminata seed extract,1,
Coleus barbatus,4,
colloidal oatmeal,2,
colloidal silver,4,
comfrey extract,4,
Commiphora myrrha extract,4,
coneflower,3,
Copaifera officinalis,4,
Copernicia cerifera wax,3,
copper gluconate,3,
copper lysinate/prolinate,3,
copper PCA,3,
copper peptides,1,
copper sulfate,1,
Corallina officinalis extract,3,
coriander,3,
corn oil,2,
cornflower,2,
cornmint,4,
cornstarch,3,
Cornus extract,3,
Corylus americana,3,
Corylus avellana,3,
coumarin,3,
cranberry seed extract,2,
cranberry seed oil,2,
Crataegus monogina extract,1,
creatine,2,
cucumber extract,3,
Cucumis melo (melon) fruit extract,2,
Cucumis sativus extract,3,
Cucurbita pepo seed extract,2,
Cucurbitea peponis,2,
Curcuma longa root,2,
curcumin,2,
Cyamopsis tetragonoloba,3,
cyanocobalamin,3,
cyclamen aldehyde,4,
cyclohexasiloxane,3,
cyclomethicone,3,tipuri de silicon care dau o textura placuta produselor cosmetice fara a bloca porii;
cyclopentasiloxane,3,
cyclotetrasiloxane,3,
Cymbopogon citrates,4,
Cymbopogon martini,4,
cysteine,3,
cystine,3,
D&C,3,
D&C colors,3,
d-alpha-tocopherol,2,
daisy flower extract,4,
Daucus carota,4,
DEA oleth-10 phosphate,3,
decarboxy carnosine HCL,2,
decyl glucoside,3,
decyl oleate,3,
decylene glycol,3,
dehydroacetic acid,3,
dehydroepiandrosterone,1,
deionized/demineralized water,3,
denatured alcohol,4,
deoxyribonucleic acid,1,
detergent cleansing agent,3,
deuterium oxide,1,
dextran,3,
dextrin,3,
DHA,3,
di-PPG-3 myristyl ether adipate,3,
diatomaceous earth,1,
diazolidinyl urea,1,
dibutyl phthalate,1,
dicaprylyl carbonate,3,
dicetyl phosphate,3,
diethylhexyl carbonate,3,
diethylhexyl malate,3,
diethylhexyl syringylidenemalonate,3,
dihydrocholeth-30,3,
dihydroxyacetone,3,
diisopropyl adipate,3,
diisopropyl dimer dilinoleate,3,
diisostearoyl trimethylolpropane siloxy silicate,3,
diisostearyl dimer dilinoleate,3,
diisostearyl malate,3,
dimer dilinoleyl dimer dilinoleate,3,
dimethicone,3,tipuri de silicon care dau o textura placuta produselor cosmetice fara a bloca porii;
dimethicone copolyol,3,tipuri de silicon care dau o textura placuta produselor cosmetice fara a bloca porii;
dimethicone crosspolymer,3,tipuri de silicon care dau o textura placuta produselor cosmetice fara a bloca porii;
dimethicone/PEG-10/15 crosspolymer,3,tipuri de silicon care dau o textura placuta produselor cosmetice fara a bloca porii;
dimethicone/vinyl dimethicone crosspolymer,3,tipuri de silicon care dau o textura placuta produselor cosmetice fara a bloca porii;
dimethiconol,3,
dimethyl capramide,3,
dimethyl ether,4,
dimethyl isosorbide,3,
dimethyl MEA,1,
Dioscorea villosa extract,1,
dipentaerythrityl hexacaprylate/hexacaprate,3,
dipotassium glycyrrhizate,2,
dipotassium glycyrrhizinate,2,
dipropylene glycol,3,
disodium cocoamphodiacetate,3,
disodium cocoyl glutamate,3,
disodium diglyceryl phosphate,3,
disodium EDTA,3,conservant care poate provoca dermatite de contact;
disodium glyceryl phosphate,3,
disodium lauraminopropionate,3,
disodium lauriminodipropionate tocopheryl phosphates,3,
disodium rutinyl disulfate,3,
disteardimonium hectorite,3,
DMAE,1,
DMDM hydantoin,1,
docosahexaenoic acid,3,
dog rose,3,
dogwood,3,
Dromiceius oil,3,
dulse,3,
durian,3,
Durvillaea antarctica extract,3,
ecamsule,2,
Echium plantagineum seed oil,2,
ectoin,3,
EDTA,3,conservant care poate provoca dermatite de contact;
egg yolk,2,
eicosapentaenoic acid,2,
Elaeis guineensis,2,
elderberry,3,
elecampane,4,
ellagic acid,2,
emollient,3,
emu oil,3,
emulsifier,3,
English ivy extract,4,
Enteromorpha compressa extract,3,
environmental damage,4,
enzymes,3,
epigallocatechin gallate,2,
Epilobium angustifolium extract,2,
Equisetum arvense,4,
ergocalciferol,3,
ergothioneine,2,
Eriobotrya japonica,2,
erythrulose,3,
esculin,4,
essential oil,4,
ester,3,
Ester-C,2,
ethanol,4,
ethoxydiglycol,3,
ethyl alcohol,4,
ethyl macadamiate,3,
ethyl vanillin,3,
ethylhexyl methoxycinnamate,2,
ethylhexyl palmitate,3,
ethylhexyl stearate,3,
ethylhexylglycerin,3,
ethylparaben,3,conservanti foarte utilizati in industria cosmetica;
eucalyptus extract,4,
eucalyptus oil,4,
Eugenia aromatica,4,
Eugenia caryophyllus,4,
eugenol,4,
Euphorbia cerifera wax,3,
Euphrasia officinalis,1,
Euterpe oleraca,2,
evening primrose oil,2,
Evodia rutaecarpa extract,3,
Ext. D&C,3,
eyebright,1,
faex,3,
farnesol,1,
farnesyl acetate,1,
fatty acid,2,
fatty alcohol,3,
FD&C,3,
FD&C colors,3,
fennel oil,4,
fennel seed extract,4,
ferric ammonium ferrocyanide,3,
ferric ferrocyanide,3,
Ferula galbaniflua,4,
ferulic acid,2,
feverfew extract,3,
fibronectin,3,
Ficus carica fruit extract,4,
fig,4,
Filipendula glaberrima,2,
Filipendula rubra,2,
film-forming agent,3,
fir needle oil,4,
fireweed extract,2,
fish cartilage extract,1,
flavonoid,2,
flavor,1,
flax,2,
flaxseed oil,2,
floralozone,4,
Foeniculum vulgare extract,4,
folic acid,3,
formaldehyde-releasing preservative,1,
fragrance,4,
frankincense extract,4,
fructose,3,
fruit acid,1,
Fu ling,2,
Fucus vesiculosus extract,2,
fuller's earth,3,
galactoarabinan,3,
galbanum,4,
gamma linolenic acid (GLA),2,
Ganoderma lucidum extract,1,
Gardenia florida extract,4,
gelatin,3,
Gellidiela acerosa extract,3,
genistein,2,
Gentiana lutea (Gentian) root extract,2,
geraniol,1,
geranium extract,2,
geranium oil,4,
Geranium pretense,4,
Germaben II,3,
ginger extract,3,
ginger oil,4,
Ginkgo biloba leaf extract,2,
GLA,2,
glabridin,2,
gluconolactone,2,
glucosamine HCL,2,
glucose,3,
glucose oxidase,3,
glucosyl hesperidin,2,
glutamic acid,1,
glutamine,2,
glycereth-26,3,
glycereth-26 phosphate,3,
glycereth-6 laurate,3,
glycerin,2,hidrateaza pielea si o protejeaza
glycerine,2,hidrateaza pielea si o protejeaza
glycerol,2,hidrateaza pielea si o protejeaza
glycerol monostearate,3,hidrateaza pielea si o protejeaza
glycerol triacetate,3,hidrateaza pielea si o protejeaza
glycerol trioleate,3,hidrateaza pielea si o protejeaza
glyceryl behanate,3,hidrateaza pielea si o protejeaza
glyceryl cocoate,3,hidrateaza pielea si o protejeaza
glyceryl dibehanate,3,hidrateaza pielea si o protejeaza
glyceryl dipalmitate,3,hidrateaza pielea si o protejeaza
glyceryl distearate,3,hidrateaza pielea si o protejeaza
glyceryl ester,3,hidrateaza pielea si o protejeaza
glyceryl isopalmitate,3,hidrateaza pielea si o protejeaza
glyceryl isostearate,3,hidrateaza pielea si o protejeaza
glyceryl myristate,3,hidrateaza pielea si o protejeaza
glyceryl oleate,3,hidrateaza pielea si o protejeaza
glyceryl palmitate,3,hidrateaza pielea si o protejeaza
glyceryl polymethacrylate,3,hidrateaza pielea si o protejeaza
glyceryl stearate,3,hidrateaza pielea si o protejeaza
glyceryl stearate SE,3,hidrateaza pielea si o protejeaza
glycine,3,amino-acid vital pentru sinteza colagenului
Glycine soja oil,2,
Glycine soja seed extract,2,
Glycine soja sterols,2,
glycogen,3,
glycol stearate,3,
glycolic acid,2,
glycolipid,2,
glycosaminoglycans,2,
glycosphingolipid,2,
glycyrrhetic acid,2,
Glycyrrhiza glabra,2,
Glycyrrhiza uralensis root extract,2,
goji fruit extract,3,
gold,4,
Gossypium herbacuem seed oil,3,
gotu kola,2,
grape seed extract,2,extract din seminte de struguri un antioxidant foarte puternic
grape seed oil,2,extract din seminte de struguri un antioxidant foarte puternic
grapefruit oil,4,
grapefruit peel extract,4,
grapefruit seed extract,4,
green tea,2,extract de ceai verde un antioxidant foarte eficient;
gromwell,2,
guar gum,3,
guar hydroxypropyltrimonium chloride,3,
guarana,4,
gums,3,
Haematococcus pluvialis extract,2,
Hamamelis virginiana,4,
hamamelitannin,4,
Haslea ostrearia extract,3,
hayflower extract,4,
hazelnut oil,3,
Hedera helix,4,
hedione,4,
Helianthus annuus seed oil,2,
Helianthus oil,2,
hemp seed oil,3,
hesperidin,2,
hesperidin methyl chalcone,3,
hexyl cinnamal,4,
hexyl laurate,3,
hexyldecanol,3,
hexylene glycol,3,
hexylresorcinol,1,
hibiscus,3,
Himanthalia elongate extract,3,
Hippophae rhamnoides,3,
histidine,3,
hoelen,2,
homosalate,2,
honey,2,
honey extract,2,
honeysuckle flower extract,2,
hops,1,
Hordeum vulgare extract,1,
horse chestnut extract,3,
horse elder,4,
horseradish,4,
horsetail extract,1,
Hortonia floribunda leaf extract,1,
Huang qi,3,
Humulus lupulus extract,1,
hyaluronic acid,2,substanta foarte hidratanta poate retine de 1000 de ori mai multa apa fata de propria greutate; ajuta de asemenea alte ingrediente sa patrunda in piele
Hydnocarpus anthelmintica,4,
Hydrastis canadenis,4,
hydrocotyl extract,2,
hydrogen peroxide,4,
hydrogenated coco-glyceride,3,
hydrogenated didecene,3,
hydrogenated lecithin,2,
hydrogenated olive oil,2,
hydrogenated palm glycerides,3,
hydrogenated polydecene,3,
hydrogenated polyisobutene,3,
hydrogenated soybean oil,2,
hydrogenated vegetable glycerides citrate,3,
hydrolyzed corn starch,3,
hydrolyzed glycosaminoglycans,2,
hydrolyzed jojoba esters,2,
hydrolyzed jojoba protein,3,
hydrolyzed silk,3,
hydrolyzed vegetable protein,3,
hydrolyzed wheat protein,3,
hydroquinone,2,
hydroxyethyl acrylate/sodium acryloyldimethyl taurate copolymer,3,
hydroxyethylcellulose,3,
hydroxylated lecithin,2,
hydroxypropyl guar,3,
hydroxypropyl starch phosphate,3,
Hypericum extract,3,
hyssop,1,
idebenone,2,
Ilex paraguariensis,2,
Illicium vernum,4,
imidazolidinyl urea,1,
inactive ingredient,3,
inositol,2,
Inula helenium,4,
iodopropynyl butylcarbamate,3,
Iris florentina extract,4,
Irish moss extract,3,
iron oxides,3,
iron powder,1,
isobutyl acetate,3,
isobutylparaben,3,conservanti foarte utilizati in industria cosmetica;
isocetyl salicylate,1,
isododecane,3,
isoflavone,2,
isohexadecane,3,
isoleucine,3,
isononyl isononanoate,3,
isoparaffin,3,
isopropyl alcohol,4,substanta cu proprietati antibacteriene poate usca pielea
isopropyl isostearate,3,substante emoliente comedogene (blocheaza porii);
isopropyl lanolate,3,substante emoliente comedogene (blocheaza porii);
isopropyl myristate,3,substante emoliente comedogene (blocheaza porii);
isopropyl palmitate,3,substante emoliente comedogene (blocheaza porii);
isopropyl titanium triisostearte/triethoxycaprylylsilane crosspolymer,3,substante emoliente comedogene (blocheaza porii);
isostearamide DEA,3,
isostearic acid,3,
ivy extract,4,
Japan wax,3,
jasmine oil,4,
Jasminium grandiflorum,4,
jojoba butter,2,
jojoba esters,2,
jojoba oil,2,
jojoba wax,2,
jonquil extract,4,
Ju hua,3,
jujube fruit extract,3,
juniper berry,4,
Juniperus communis,4,
kaolin,3,argila folosita in pudre si masti pentru indepartarea excesului de sebum
Kathon CG,4,
kava-kava extract,4,
kawa extract,4,
kelp extract,3,
Kigelia africana extract,1,
kiwi fruit extract,1,
kojic acid,3,
kojic dipalmitate,3,
kola nut,1,
kudzu root,2,
kukui nut oil,2,
L-ascorbic acid,2,
L-cysteine,3,
lactic acid,2,
lactobionate,3,
lactobionic acid,2,
lactoperoxidase,2,
lady's mantle extract,4,
lady's thistle (milk thistle) extract,2,
Lagerstroemia indica extract,1,
Laminaria digitata,3,
Laminaria longicruris,3,
Laminaria ochroleuca extract,3,
Laminaria saccharine,3,
Lamium album flower extract,2,
lanolin,3,grasime extrasa din lana de oaie folosita ca emolient; poate fi iritanta si comedogena;
lanolin alcohol,3,
lappa extract,3,
Larrea divaricata extract,3,
Larrea tridentata,3,
lauramphocarboxyglycinate,3,
laurdimonium hydroxypropyl hydrolyzed soy protein,3,
laurdimonium hydroxypropyl hydrolyzed wheat protein,3,
laureth-23,3,
laureth-4,3,
laureth-7,3,
laureths,3,
lauric acid,2,
lauroyl lysine,3,
Laurus nobilis,4,
lauryl alcohol,3,
lauryl glucoside,3,
lauryl lactate,3,
lauryl PEG-9 polydimethylsiloxyethyl dimethicone,3,
lavandin oil,4,
Lavandula angustifolia,4,
Lavandula officinalis,4,
lavender extract and oil,4,
lecithin,2,
lemon,4,
lemon balm,4,
lemon juice,4,
lemon oil,4,
lemongrass extract,4,
lemongrass oil,4,
lentil fruit extract,3,
Lentinus edodes extract,1,
Leontopodium alpinum extract,2,
Leptospermum scoparium oil,3,
leucine,3,
Levisticum officinale root extract,4,
licorice extract,2,
licorice root,2,
Lilium candidum bulb extract,1,
lime oil and extract,4,
Limnanthes alba,3,
Limnanthes alba seed oil,3,
limonene,4,
linalool,4,
linden flower extract,2,
linoleic acid,2,
linolenic acid,2,
linseed oil,2,
Linum usitatissimum extract,2,
lipid,2,
liposomes,3,
lithium magnesium sodium silicate,3,
Lithospermum erythrorhizon,2,
Litsea cubeba,4,
locust bean,3,
Lonicera caprifolium flower extract,2,
Lonicera japonica,2,
Lonicera japonica flower extract,2,
loquat extract,2,
lotus seed extract,2,
lovage root extract,4,
lupine,3,
lupine oil,1,
Lupinus albus extract,3,
lutein,2,
Lycium barbarum fruit extract,3,
lycopene,2,
lye,4,
lysine,3,
macadamia nut oil,3,
madecassoside,2,
magnesium,3,
magnesium aluminum silicate,3,
magnesium ascorbyl palmitate,3,
magnesium ascorbyl phosphate,2,
magnesium carbonate,3,
magnesium hydroxide,3,
magnesium laureth sulfate,3,
magnesium oleth sulfate,3,
magnesium stearate,3,
magnesium sulfate,3,
malic acid,3,
mallow,2,
Malva sylvestris extract,3,
malvaceae extract,1,
mandarin orange oil or extract,4,
mandelic acid,1,
manganese gluconate,1,
manganese violet,3,
Mangifera indica (mango) seed butter,2,
Mangifera indica root,3,
manuka oil,3,
marigold,3,
marionberry,3,
marjoram,4,
marshmallow,2,
Mastocarpus stellatus,3,
mate extract,2,
matricaria oil,2,
MEA,1,
meadowfoam seed oil,3,
meadowsweet extract,2,
Medicago sativa,2,
Melaleuca alternifolia,3,
Melaleuca cajeputi oil,4,
Melia azadirachta,4,
melibiose,3,
Melissa officinalis,4,
Mentha arvensis,4,
Mentha piperita,4,
Mentha spicata,4,
Mentha viridis,4,
menthol,4,
menthone,4,
menthoxypropanediol,4,
menthyl anthranilate,2,
menthyl lactate,4,
meradmiate,2,
methanol,4,
methicone,3,
methionine,3,
methyl gluceth-20,3,
methyl glucose sesquistearate,3,
methyl trimethicone,3,
methylchloroisothiazolinone,4,
methyldibromo glutaronitrile,4,
methyldihydrojasmonate,4,
methylglucoside phosphate,3,
methylisothiazolinone,4,
methylparaben,3,conservanti foarte utilizati in industria cosmetica;
methylpropanediol,3,
methylsilanol mannuronate,3,
methylsilanol PEG-7 glyceryl cocoate,3,
methylsufonylsulfate,3,
mica,3,
microcrystalline wax,3,
Microcystis aeruginosa,3,
milk protein,3,
milk vetch root,3,
millet seed extract,1,
mimosa oil or extract,4,
mineral oil,3,
mint,4,
mixed fruit extracts,3,
montan wax,3,
montmorillonite,3,
Morinda citrifolia,3,
Morus alba root extract,3,
Morus bombycis root extract,3,
Morus nigra root extract,3,
mucopolysaccharide,2,
Mucor miehei extract,1,
mugwort extract,1,
mulberry extract,3,
murumuru seed butter,3,
myristic acid,3,
myristyl myristate,3,
myristyl nicotinate,2,
myrrh,4,
myrtle extract,4,
Myrtus communis extract,4,
N-acetyl-L tyrosine,1,
N6-furfuryladenine,1,
NaPCA,3,
Narcissus poeticus wax,4,
Nardostachys jatamansi,3,
Nasturtium officinale extract,1,
natto gum,3,
natural moisturizing factor (NMF),2,
neem extract or oil,1,
neopentyl glycol dicaprylate/dicaprate,3,
neopentyl glycol diheptanoate,3,
neroli,4,
neroli oil,4,
nettle extract,1,
niacin,2,
niacinamide,2,
nicotinamide,2,
nicotinic acid,2,
noni juice,3,
nonoxynols,3,
nylon-12,3,
Nymphaea tetragona,2,
o-cymen-5-ol,3,
oak root extract,4,
oat beta-glucan,2,
oat bran extract,2,
oat kernel extract,2,
oatmeal,2,
octinoxate,2,
octisalate,2,
octocrylene,2,
octyl methoxycinnamate,2,substanta folosita ca ecran solar chimic; poate provoca dermatite de contact la persoanele predispuse
octyl palmitate,3,substanta hidratanta non-grasa
octyl salicylate,2,
octyl stearate,3,
octyldodecanol,3,
octyldodecyl myristate,3,
octyldodecyl neopentanoate,3,
Oenothera biennis oil,2,
Olea europaea fruit oil,3,
Olea europaea oil unsaponifiables,2,
oleanolic acid,2,
oleic acid,3,
oleth-10,3,
oleths,3,
oleyl erucate,3,
olibanum extract,4,
olive oil/olive fruit oil,3,
orange blossom,4,
Orbignya martiana,3,
Orbignya oleifera,3,
orchid,4,
oregano,4,
Origanum majorana,4,
Origanum vulgare flower extract,4,
orris root,4,
Oryza sativa cera,2,
Oryza sativa oil,3,
oryzanol,3,
oxidoreductase,2,
oxybenzone,2,ecran solar chimic
ozokerite,3,
Pelisabethae,3,
PABA,4,
padimate O,1,
Padina pavonica extract,3,
Paeonia albiflora extract,1,
Paeonia suffruticosa extract,1,
palm kernel acid,3,
palm oil,2,
Palmaria palmata extract,3,
palmarosa oil,4,
palmitic acid,3,
palmitoyl hexapeptide-12,2,
palmitoyl oligopeptide,2,
palmitoyl pentapeptide-3,2,
palmitoyl tetrapeptide-7,2,
palmitoyl tripeptide-1,2,
Palmitoyl Tripeptide-38,2,
palmitoyl tripeptide-5,2,
Panicum miliaceum,1,
pansy extract,1,
pantethine,3,
panthenol,2,
pantothenic acid,2,
papain,4,
papaya extract,1,
para-aminobenzoic acid (PABA),4,
parabens,3,conservanti foarte utilizati in industria cosmetica;
paraffin,3,
Paraffinum liquidum,3,
Parsol 1789,2,
Passiflora edulis extract,3,
Passiflora edulis seed oil,2,
passion fruit extract,3,
patchouli,4,
pawpaw extract,1,
peanut oil,3,
pecan oil,3,
pectin,3,
PEG 90M,3,
PEG compound,3,
PEG-10 dimethicone,3,
PEG-10 dimethicone/vinyl dimethicone crosspolymer,3,
PEG-10 rapeseed sterol,3,
PEG-100 stearate,3,
PEG-12 dimethicone,3,
PEG-120 methyl glucose dioleate,3,
PEG-14,3,
PEG-150 distearate,3,
PEG-20 methyl glucose sesquistearate,3,
PEG-32,3,
PEG-33,3,
PEG-40 hydrogenated castor oil,3,
PEG-40 stearate,3,
PEG-60 almond glycerides,3,
PEG-60 hydrogenated castor oil,3,
PEG-7 glyceryl cocoate,3,
PEG-75 shea butter glycerides,3,
PEG-8,3,
PEG-80 sorbitan laurate,3,
PEG/PPG-17/6 copolymer,3,
PEG/PPG-18/18 dimethicone,3,
PEG/PPG-18/4 copolymer,3,
PEG/PPG-20/15 dimethicone,3,
Pelargonium graveolens oil,4,
pellitory,4,
pentadecalactone,4,
pentaerythrityl tetraisostearate,3,
pentaerythrityl tetraoctanoate,3,
pentapeptides,2,
pentasodium pentetate,3,
pentylene glycol,3,
peppermint,4,
peptides,2,
Perilla ocymoides,1,
Persea gratissima oil,2,
Persicaria hydropiper,2,
petitgrain mandarin,4,
petrolatum,3,substanta hidratanta si emolienta neiritanta dar potential oclusiva pentru pori
PHA,2,substante asemanatoare acizilor de fructe dar mai putin iritante;
phenoxyethanol,3,
phenoxyisopropanol,3,
phenyl trimethicone,3,
phenylalanine,3,
phenylethyl resorcinol,1,
phloretin,2,
phosphatidylcholine,2,
phosphatidylethanolamine,2,
phospholipid,2,
phosphoric acid,3,
photosensitizer,4,
phthalates,1,
Phyllanthus emblica fruit extract,2,
phytantriol,3,
phytic acid,3,
phytonadione,3,
phytosphingosine,2,
phytosterol,2,
Picea abies extract,2,
pine oil,4,
pineapple extract,3,
pinecone extract,3,
Pinus lambertiana wood extract,4,
Pinus sylvestris extract,3,
Piper nigrum,4,
pistachio seed oil,3,
Pistacia vera seed oil,3,
Pisum sativum,3,
plankton extract,3,
plasticizing agents,1,
plum extract,3,
plum seed oil,2,
Pogostemon cablin,4,
poloxamer 184,3,
Poloxamer 407,3,
poloxamers,3,
polyacrylamide,3,
polyacrylate-17,3,
polyaminopropyl biguanide,3,
polybutene,3,
polyethylene,3,
polyethylene glycol,3,
polyglucuronic acid,3,
polyglycerol monostearate,3,
polyglyceryl 2 triisostearate,3,
polyglyceryl methacrylate,3,
polyglyceryl-3 beeswax,3,
polyglyceryl-3 methylglucose distearate,3,
polyglyceryl-4 isostearate,3,
polyglyceryl-6 isostearate,3,
polyhydroxy acid,2,
polyhydroxystearic acid,3,
polyisobutene,3,
polymer,3,
polymethylsilsesquioxane,3,
polypropylene glycol,3,substanta hidratanta potential iritanta
polyquaternium-10,3,
polyquaterniums,3,
polysaccharide,2,
polysilicone-11,3,
polysorbate 20,3,
polysorbate 60,3,
polysorbate 80,3,
polysorbates,3,
polyvinyl alcohol,1,
polyvinylpyrrolidone,3,
pomegranate extract,2,
Poria cocos extract,2,
Porphyridium cruentum extract,1,
Portulaca oleracea extract,2,
potassium,3,
potassium ascorbyl tocopheryl phosphate,2,
potassium cetyl phosphate,3,
potassium hydroxide,1,
potassium myristate,1,
potassium phosphate,3,
potassium sorbate,3,
PPG-12 buteth-16,3,
PPG-12/SMDI copolymer,3,
PPG-14 butyl ether,3,
PPG-2 myristyl ether propionate,3,
PPG-2-deceth-30,3,
PPG-20 methyl glucose ether,3,
PPG-26-Buteth-26,3,
PPG-3 benzyl ether myristate,3,
preservatives,3,
proline,3,
propanediol,3,
propolis,3,
propylene carbonate,3,
propylene glycol,3,substanta hidratanta potential iritanta
propylene glycol dicaprylate/dicaprate,3,
propylene glycol isostearate,3,
propylene glycol laurate,3,
propylene glycol stearate,3,
propylparaben,3,conservanti foarte utilizati in industria cosmetica;
Prunella vulgaris,1,
Prunus americana,3,
Prunus amygdalus dulcis,3,
Prunus armeniaca,3,
Prunus domestica seed extract,3,
Prunus domestica seed oil,2,
Prunus dulcis,3,
Pseudopterogorgia elisabethae,2,
Pueraria lobata,2,
pullulan,3,
pumpkin,2,
pumpkin seed extract,2,
Punica granatum extract,2,
purified water,3,
PVM/MA decadiene crosspolymer,3,
PVP,3,
PVP copolymer,3,
PVP/dimethylaminoethylmethacrylate,3,
pycnogenol,3,
pyridoxine hydrochloride (HCL),3,
Pyrus cydonia,4,
Pyrus malus,3,
quaternium ammonium compounds,3,
quaternium-15,1,
quaternium-18 hectorite,3,
quercetin,2,
quercus,4,
Quercus infectoria extract,4,
quillaja extract,3,
quince seed,4,
quinoa oil,3,
rapeseed oil,2,
raspberry seed extract,3,
raspberry seed oil,3,
red 27 lake,3,
red 33,3,
red 6 lake,3,
red algae,3,
red clover,3,
red raspberry extract,3,
reducing agent,3,
resveratrol,2,
retinol,2,substanta derivata din vitamina A liposolubila folosita in tratamentele antirid
retinyl ascorbate,2,derivat al vitaminei A mai stabil decat retinolul si mai putin iritant
retinyl palmitate,2,derivat al vitaminei A mai stabil decat retinolul si mai putin iritant
retinyl retinoate,2,
riboflavin,1,
rice bran oil,3,
rice oil,3,
rice starch,3,
ricinoleate,3,
Ricinus communis,3,
Robinia pseudacacia extract,4,
Rosa canina,3,
Rosa centifolia,3,
Rosa centifolia flower,3,
Rosa damascena oil,4,
Rosa eglanteria,3,
Rosa gallica flower extract,4,
Rosa mosqueta,3,
Rosa roxburghii extract,2,
Rosa rubiginosa,3,
rose flower,4,
rose flower oil,4,
rose hip,3,
rose hip oil,3,
rose oil,4,
rosemary extract,1,
rosemary oil,4,
rosewood oil,4,
Rosmarinus officinalis extract,4,
royal jelly,1,
Rubus idaeus,3,
Rubus occidentalis,2,
Rubus ursinus,3,
Rubus ursinus x idaeus,2,
Rubus villoscus,2,
Ruscus aculeatus,1,
rutin,2,
saccharide isomerate,3,
saccharides,2,
Saccharomyces calcium ferment,1,
Saccharomyces cerevisiae,1,
Saccharomyces copper ferment,1,
Saccharomyces iron ferment,1,
Saccharomyces lysate,3,
Saccharomyces magnesium ferment,1,
Saccharomyces manganese ferment,1,
Saccharomyces officinarum ferment,1,
Saccharomyces potassium ferment,1,
saccharomyces selenium ferment,3,
Saccharomyces silicon ferment,1,
Saccharomyces zinc ferment,1,
safflower seed oil,2,
sage extract,1,
salicin,3,
salicylic acid,2,
Salix alba extract,3,
Salix nigra (willow) bark extract,3,
Salvia officinalis,4,
Sambucus canadensis,3,
Sambucus cerulea,3,
Sambucus nigra,3,
sandalwood oil,4,
Santalum album seed extract,1,
Sapindus mukurossi peel extract,3,
Saponaria officinalis extract,3,
saponin,3,
Sargassum filipendula extract,3,
sausurrea oil,4,
Saxifraga sarmentosa extract,1,
sclareolide,4,
Sclerocarya birrea,2,
sclerotium gum,3,
Scutellaria baicalensis extract,3,
SD alcohol,4,
SD alcohol 40-2,4,
sea buckthorn,3,
sea salt,1,
sea whip extract,2,
Seamollient,3,
seaweed,3,
sebacic acid,3,
selenium,2,
Serenoa serrulata extract,1,
sericin,3,
serine,3,
sesame oil,3,
Sesamum indicum,3,
sesquioleate,3,
shea butter,2,
Siegesbeckia orientalis,1,
silanetriol,3,
silica,3,
silica dimethyl silylate,3,
silicate,3,
silicone,3,
silk,3,
silk powder,3,substante folosite pentru hidratarea si hranirea pielii
silk protein,3,substante folosite pentru hidratarea si hranirea pielii
siloxane,3,
silt,3,
silver,4,
silver chloride,1,
silver tip white tea leaf extract,2,
Silybum marianum extract,2,
Simmondsia chinensis,2,
skin-replenishing ingredients,2,
skin-restoring ingredients,2,
skullcap extract,3,
slip agent,3,
slippery elm bark,3,
soap,4,
soapberry extract,3,
soapwort,3,
sodium acetate,3,
sodium acrylate/acryloydimethyl taurate copolymer,3,
sodium ascorbate,2,
sodium ascorbyl phosphate,2,
sodium benzoate,3,
sodium bisulfite,1,
sodium borate,4,
sodium C14-16 olefin sulfonate,4,
sodium carbomer,3,
sodium carbonate,4,
sodium carboxymethyl beta-glucan,3,
sodium cetearyl sulfate,3,
sodium chloride,3,
sodium chondroitin sulfate,2,
sodium citrate,3,
sodium cocoamphoacetate,3,
sodium cocoate,4,
sodium cocoyl amino acids,3,
sodium cocoyl glutamate,3,
sodium cocoyl isethionate,3,
sodium dehydroacetate,3,
sodium dilauramidoglutamide lysine,3,
sodium hexametaphosphate,3,
sodium hyaluronate,2,substanta foarte hidratanta poate retine de 1000 de ori mai multa apa fata de propria greutate; ajuta de asemenea alte ingrediente sa patrunda in piele
sodium hydroxide,1,
sodium hydroxymethylglycinate,3,
sodium lactate,3,
sodium lactobionate,1,
sodium laureth sulfate,3,detergent potential iritant dar necancerigen
sodium laureth-13 carboxylate,3,
sodium lauroamphoacetate,3,
sodium lauroyl lactylate,3,
sodium lauroyl sarcosinate,3,
sodium lauryl glucose carboxylate,3,
sodium lauryl sulfate,4,
sodium metabisulfite,1,
sodium methyl cocoyl taurate,3,
sodium methyl taurate,3,
sodium myreth sulfate,3,
sodium palm kernelate,4,
sodium palmate,4,
sodium PCA,2,
sodium PEG-7 olive oil carboxylate,3,
sodium phytate,3,
sodium polyacrylate,3,
sodium salicylate,1,
sodium silicate,4,
sodium sulfite,1,
sodium tallowate,4,
sodium thioglycolate,4,
sodium trideceth sulfate,3,
Solanum lycopersicum extract,1,
Solanum tuberosum extract,3,
solvent,3,
Sonojell,3,
soothing agent,2,
sorbic acid,3,
sorbitan oleate,3,
sorbitan sesquioleate,3,
sorbitan stearate,3,
sorbitol,3,
soy extract,2,
soy isoflavones,2,
soy oil,2,
soy protein,2,
spearmint oil,4,
SPF,2,
sphingolipids,2,
Spiraea ulmaria,2,
spirulina,3,
squalane,2,
squalene,2,
St. John's wort,3,
star anise,4,
steapyrium chloride,3,
stearalkonium chloride,3,
stearalkonium hectorite,3,
stearates,3,
steareth-20,3,
stearic acid,3,acid gras folosit mai ales la producerea sapunurilor; potential iritant;
stearyl alcohol,3,alcool folosit pentru catifelarea pielii;
stearyl dimethicone,3,
stearyl glycyrrhetinate,2,
stearyl methicone,3,
styrax benzoin,4,
styrene/acrylates copolymer,3,
sucrose,3,
sugarcane extract,1,
sulfates,3,
sulfur,4,substanta antibacteriana folosita in produsele antiacneice
sun protection factor,2,
sunflower seed oil,2,
superoxide dismutase,2,
surfactant,3,
sweet almond,3,
sweet almond oil,3,
Symphytum officinale extract,4,
synthetic beeswax,3,
synthetic wax,3,
Szechuan peppercorn,4,
talc,3,
tallow,4,
tamanu oil,3,
Tanacetum parthenium,1,
tangerine oil,4,
tannic acid,2,
tartaric acid,3,
TEA,3,
tea tree oil,3,
TEA-lauryl sulfate,4,
terephthalylidene dicamphor sulfonic acid,2,
tetradibutyl pentaerithrityl hydroxyhydrocinnamate,3,
tetrahexyldecyl ascorbate,2,
tetrahydrobisdemethoxycurcumin,2,
tetrahydrobisdemethoxydiferuloylmethane,2,
tetrahydrodemethoxycurcumin,2,
tetrahydrodemethoxydiferuloylmethane,2,
tetrahydrodiferuloylmethane,2,
tetrahydromethoxycurcumin,2,
tetrahydroxypropyl ethylenediamine,3,
tetrasodium EDTA,3,conservant care poate provoca dermatite de contact;
tetrasodium etidronate,3,
Theobroma cacao seed butter,2,
thiamine HCL,3,
thickening agent,3,
thioctic acid,2,
thiodipropionic acid,1,
thiotaurine,3,
threonine,3,
thyme extract,1,
thyme oil,4,
thymus hydrolysate,1,
Thymus serpillum extract,4,
Thymus vulgaris,1,
Thymus vulgaris oil,4,
Tilia cordata,2,
titanium dioxide,2,ecran solar fizic protejeaza fata de radiatiile UVA si UVB
tocopherol,2,antioxidant hidratant ajuta pielea sa se apere de radiatiile ultraviolete.
tocopherol acetate,2,
tocopheryl acetate,2,
tocopheryl lineolate,2,
tocotrienols,2,
tomato extract,1,
tormentil extract,4,
tragacanth,3,
tranexamic acid,2,
trehalose,3,
tribehenin,3,
tribehenin PEG-20 esters,3,
tricaprylin,3,
triclosan,3,conservant si antiseptic
tridecyl salicylate,3,
tridecyl stearate,3,
tridecyl trimellitate,3,
triethanolamine,3,
triethoxycaprylylsilane,3,
triethoxycaprylylsilane crosspolymer,3,
triethoxysilylethyl polydimethylsiloxyethyl hexyl dimethicone,3,
Trifolium pratense,3,
triglyceride,3,
trigonella foenum-graecum seed extract,1,
trihydroxystearin,3,
triisocetyl citrate,3,
trilaurin,3,
trimethylsiloxysilicate,3,
trioclanolin,3,
trioctanoin,3,
trioctyldodecyl citrate,3,
tripeptide-32,3,
trisodium EDTA,3,conservant care poate provoca dermatite de contact;
Triticum vulgare (wheat) germ extract,3,
Triticum vulgare oil,3,
troxerutin,2,
tryptophan,3,
turmeric,3,
ubiquinone,2,
Ulmus fulva bark extract,3,
ultramarines,3,
Ulva lactuca extract,3,
Uncaria tomentosa extract,1,
Undaria pinnatifida,3,
urea,3,
Urtica dioica,1,
UVA,4,
Uva ursi extract,2,
UVB,4,
VA/crotonates,3,
VA/crotonates copolymer,3,
Vaccinium macrocarpon fruit extract,2,
Vaccinium myrtillus,3,
valine,3,
Vanilla planifolia fruit extract,3,
verbena extract,4,
vetiver oil or extract,4,
vinyl dimethicone/methicone silsesquioxane crosspolymer,3,
Viola tricolor extract,1,
vitamin A,2,hidrateaza pielea reduce aparenta porilor curata porii si reduce ridurile fine; este fotosensibilizanta si nu trebuie sa fie folosita de femeile gravide sau de cele care alapteaza
vitamin B1,3,
vitamin B12,3,
vitamin B2,1,
vitamin B3,2,
vitamin B5,3,
vitamin B6,1,
vitamin C,2,stimuleaza sinteza colagenului; este un antioxidant foarte puternic
vitamin D,3, regleaza procesul de refacere si reinnoire a celulelor;
vitamin E,2,antioxidant hidratant ajuta pielea sa se apere de radiatiile ultraviolete.
vitamin F,2,
vitamin H,3,
vitamin K,3,
Vitis vinifera,2,
volatile oil,4,
VP/eicosene copolymer,3,
VP/hexadecene copolymer,3,
walnut extract,1,
walnut oil,3,
walnut-shell powder,1,
water,3,
aqua,3,
watercress extract,1,
watermelon fruit extract,2,
wheat amino acids,3,
wheat germ glycerides,3,
wheat germ oil,3,
wheat protein,3,
whey protein,3,
white nettle,1,
white oak bark extract,4,
white tea leaf extract,2,
white willow,3,
wild ginger,4,
willow bark,3,
willow herb,2,
wintergreen oil,4,
witch hazel,4,
xanthan gum,3,
xanthophyll,2,
Xi xin,4,
Ximenia americana oil,3,
xylitol,3,
xylose,3,
xymenynic acid,3,
yarrow extract,4,
yeast,3,
yeast extract,3,
yellow 5,3,
yellow 6 lake,3,
yerba mate extract,2,
ylang ylang,4,
yogurt,1,
yucca extract,1,
Yucca schidigera,1,
Zanthoxylum piperitum,4,
zinc,2,
zinc carbonate,4,
zinc oxide,2,
zinc PCA,2,
zinc phenolsulfonate,4,
zinc stearate,3,
zinc sulfate,4,
zingiber officinale roscoe,4,
zingiber zerumbet,4,
zingiberaceae,4,
zizyphus jujuba fruit extract,3,
myreth-3 myristate,3,agent de ingrijire a pielii emolient
maltodextrin,3,polizaharid obtinut in urma hidrolizarii amidonului imbunatateste calitatile anti-imbatranire ale celorlalte componente dintr-un produs
tapioca starch,3,Este considerat un amidon sanatos datorita cantitatii scazute de colesterol si a grasimilor maladive
triceteareth-4 phosphate,3,Reduce tensiunea superficiala a produselor cosmetice ajuta la o distributie uniforma a produsului atunci cand este utilizat
piroctone olamine,3,Este un compus care se foloseste uneori in tratamentele pentru indepartarea ciupercilor pielii scalpului.Reprezinta un agent folosit in compozitia sampoanelor anti-matreata
oryza sativa (rice) starch,3,Reprezinta un substitut natural pentru talc este folosit in produsele cosmetice pentru a absorbi excesul de ulei oferind pielii un aspect mat si natural